id,srch_id,Hotel_Name,City,Hotel_Address,date_time,site_id,visitor_location_country_id,visitor_hist_starrating,visitor_hist_adr_usd,prop_country_id,prop_id,prop_starrating,prop_review_score,prop_brand_bool,prop_location_score1,prop_location_score2,prop_log_historical_price,price_usd,promotion_flag,srch_destination_id,srch_length_of_stay,srch_booking_window,srch_adults_count,srch_children_count,srch_room_count,srch_saturday_night_bool,srch_query_affinity_score,orig_destination_distance,random_bool,comp1_rate,comp1_inv,comp1_rate_percent_diff,comp2_rate,comp2_inv,comp2_rate_percent_diff,comp3_rate,comp3_inv,comp3_rate_percent_diff,comp4_rate,comp4_inv,comp4_rate_percent_diff,comp5_rate,comp5_inv,comp5_rate_percent_diff,comp6_rate,comp6_inv,comp6_rate_percent_diff,comp7_rate,comp7_inv,comp7_rate_percent_diff,comp8_rate,comp8_inv,comp8_rate_percent_diff,prop_location_score_aggregate,prop_historical_price,prop_delta_price,price_order,target_date,target_month,target_month_num
1,2,New York Hilton Midtown,Newyork,1335 6th Ave,11/5/2012 21:28,15,55,0,0,98,12938,4.5,0,0,2.94,0,3.88,33.56,0,13085,2,57,2,0,1,0,0,0,0,0,0,0,0,0,0,0,0,0,0,0,0,0,0,0,0,0,0,0,0,0,0,0,0,2.94,48.42421507,-14.86421507,1,1/1/2013 21:28,January,1
2,2,New York Marriott Marquis,Newyork,1535 Broadway,11/5/2012 21:28,15,55,0,0,98,7771,4,4.5,0,3.81,0,3.54,51.13,0,13085,2,57,2,0,1,0,0,0,0,0,0,0,0,0,0,0,0,0,0,0,0,0,0,0,0,0,0,0,0,0,0,0,0,3.81,34.46691919,16.66308081,2,1/1/2013 21:28,January,1
3,2,Hotel Pennsylvania,Newyork,401 7th Ave,11/5/2012 21:28,15,55,0,0,98,6399,4,0,0,3.09,0.3206,3.62,54.33,0,13085,2,57,2,0,1,0,0,0,0,0,0,0,0,0,0,0,0,0,0,0,0,0,0,0,0,0,0,0,0,0,0,0,0,3.4106,37.33756782,16.99243218,3,1/1/2013 21:28,January,1
4,2,Grand Hyatt New York,Newyork, 109 E 42nd St,11/5/2012 21:28,15,55,0,0,98,25579,3.5,4,0,3,0.3602,4.19,59.12,0,13085,2,57,2,0,1,0,0,0,0,0,0,0,0,0,0,0,0,0,0,0,0,0,0,0,0,0,0,0,0,0,0,0,0,3.3602,66.02279096,-6.90279096,4,1/1/2013 21:28,January,1
5,2,Waldorf Astoria New York,Newyork,301 Park Ave,11/5/2012 21:28,15,55,0,0,98,26540,3.5,3.5,0,2.83,0.3418,4.05,68.71,0,13085,2,57,2,0,1,0,0,0,0,0,0,0,0,0,0,0,1,0,0,0,0,0,0,0,0,0,0,0,0,0,0,0,0,3.1718,57.39745705,11.31254295,5,1/1/2013 21:28,January,1
6,2,The Roosevelt Hotel,Newyork,45 E 45th St,11/5/2012 21:28,15,55,0,0,98,37331,3,4,0,2.77,0,3.99,68.71,1,13085,2,57,2,0,1,0,0,0,0,0,0,0,1,0,20,-1,0,5,0,0,0,-1,0,5,0,0,0,0,0,0,0,0,0,2.77,54.05488936,14.65511064,6,1/1/2013 21:28,January,1
7,2,Park Central Hotel,Newyork,870 7th Ave,11/5/2012 21:28,15,55,0,0,98,91899,3,3,0,2.94,0.2163,4.28,68.71,0,13085,2,57,2,0,1,0,0,0,0,0,0,0,0,0,0,0,0,0,0,0,0,0,0,0,0,0,0,0,0,0,0,0,0,3.1563,72.24044001,-3.530440007,7,1/1/2013 21:28,January,1
8,2,Edison Hotel,Newyork,228 W 47th St,11/5/2012 21:28,15,55,0,0,98,30434,3,3.5,0,1.79,0.0453,4.97,95.88,0,13085,2,57,2,0,1,0,0,0,0,0,0,0,0,1,0,0,0,0,0,0,0,0,0,0,0,0,0,0,0,0,0,0,0,1.8353,144.0268874,-48.14688737,8,1/1/2013 21:28,January,1
9,2,Hudson Hotel,Newyork,358 W 58th St,11/5/2012 21:28,15,55,0,0,98,7374,3,3.5,0,2.83,0.2257,4.13,105.47,1,13085,2,57,2,0,1,0,0,0,0,0,0,0,0,0,0,1,0,17,0,0,0,0,0,0,0,0,0,0,0,0,0,0,0,3.0557,62.17792293,43.29207707,9,1/1/2013 21:28,January,1
10,2,InterContinental New York Barclay Hotel,Newyork,111 E 48th St,11/5/2012 21:28,15,55,0,0,98,27090,4,0,0,2.56,0,4.68,124.64,1,13085,2,57,2,0,1,0,0,0,0,0,0,0,1,0,122,0,0,0,0,0,0,0,0,0,0,0,0,0,0,0,0,0,0,2.56,107.7700726,16.86992743,10,1/1/2013 21:28,January,1
11,2,Sheraton New York Times Square Hotel,Newyork,811 7th Ave,11/5/2012 21:28,15,55,0,0,98,131173,4,5,0,1.61,0.0265,4.97,124.64,0,13085,2,57,2,0,1,0,0,0,0,0,0,0,0,0,0,0,0,0,0,0,0,0,0,0,0,0,0,0,0,0,0,0,0,1.6365,144.0268874,-19.38688737,11,1/1/2013 21:28,January,1
12,2,Row NYC,Newyork,700 8th Ave,11/5/2012 21:28,15,55,0,0,98,3105,3,2,0,3.09,0.0931,4.28,164.59,0,13085,2,57,2,0,1,0,0,0,0,0,0,0,0,0,0,0,0,0,0,0,0,0,0,0,0,0,0,0,0,0,0,0,0,3.1831,72.24044001,92.34955999,12,1/1/2013 21:28,January,1
13,2,Crowne Plaza Times Square,Newyork,1605 Broadway,11/5/2012 21:28,15,55,0,0,98,78858,2,4.5,1,1.79,0.036,4.97,174.18,1,13085,2,57,2,0,1,0,0,0,0,0,0,0,0,0,0,0,0,0,0,0,0,0,0,0,0,0,0,0,0,0,0,0,0,1.826,144.0268874,30.15311263,13,1/1/2013 21:28,January,1
14,3,Autohogar Hotel Barcelona,Newyork,Riera Blanca,6/5/2013 17:56,5,219,0,0,219,103600,2,4,0,2.71,0.1213,0,110,1,10797,1,21,4,0,2,0,0,23.78,1,0,0,0,0,0,0,1,0,17,0,0,0,0,0,29,0,0,0,0,0,0,0,0,0,2.8313,1,109,1,6/26/2013 17:56,June,6
15,3,Best Western Hotel del Teatre Auditori Barcelona,Barcelona,Calle Blai,6/5/2013 17:56,5,219,0,0,219,17817,5,3.5,1,1.61,0.0107,0,139,0,10797,1,21,4,0,2,0,0,24.35,1,0,0,0,0,0,0,0,0,0,0,0,0,0,0,0,0,0,0,0,0,0,0,0,0,1.6207,1,138,2,6/26/2013 17:56,June,6
16,3,Hotel Vinci Maritimo,Barcelona,Carrer Del Bisbe Sivilla 7,6/5/2013 17:56,5,219,0,0,219,139893,5,3,1,1.61,0.0128,0,159,0,10797,1,21,4,0,2,0,0,24.36,1,0,0,0,0,0,0,0,0,0,0,0,0,0,0,0,0,0,0,0,0,0,0,0,0,1.6228,1,158,3,6/26/2013 17:56,June,6
17,3,Barcelona Apartments Montjuic Foutains,Barcelona,Valles Oriental,6/5/2013 17:56,5,219,0,0,219,85742,5,4,0,1.1,0.0275,0,169,1,10797,1,21,4,0,2,0,0,23.11,1,0,0,0,0,0,0,0,0,0,0,0,0,0,0,0,0,0,0,0,0,0,0,0,0,1.1275,1,168,4,6/26/2013 17:56,June,6
18,3,Waytostay,Barcelona,Calle K,6/5/2013 17:56,5,219,0,0,219,118104,4.5,4,1,1.39,0.0411,0,194,0,10797,1,21,4,0,2,0,0,24.04,1,0,0,0,0,0,0,-1,1,4,0,0,0,0,0,0,0,0,0,0,0,0,0,0,0,1.4311,1,193,5,6/26/2013 17:56,June,6
19,3,Parc 2B apartment Barcelona,Barcelona,Avenida Tibidabo 1,6/5/2013 17:56,5,219,0,0,219,19731,4.5,4,0,3,0.0055,0,199,0,10797,1,21,4,0,2,0,0,24.13,1,0,0,0,0,0,0,0,0,0,0,0,0,0,0,0,0,0,0,0,0,0,-1,0,5,3.0055,1,198,6,6/26/2013 17:56,June,6
20,3,PENSION FRANCIA,Barcelona,Avenida Tibidabo 1,6/5/2013 17:56,5,219,0,0,219,116416,4.5,4,0,3.14,0.0081,0,204,0,10797,1,21,4,0,2,0,0,23.85,1,0,0,0,0,0,0,1,1,20,0,0,0,0,0,0,0,0,0,0,0,0,0,0,0,3.1481,1,203,7,6/26/2013 17:56,June,6
21,3,Centro Penitenciari La Model,Barcelona,Consell De Cent 498-500,6/5/2013 17:56,5,219,0,0,219,27317,4.5,4.5,0,0,0,0,209,0,10797,1,21,4,0,2,0,0,25.8,1,0,0,0,0,0,0,0,0,0,0,0,0,0,0,0,0,0,0,0,0,0,0,0,0,0,1,208,8,6/26/2013 17:56,June,6
22,3,Dailyflats Sagrada Familia Complex Comfort,Barcelona,Sicilia 255,6/5/2013 17:56,5,219,0,0,219,130729,4.5,4,0,0.69,0.138,0,213,1,10797,1,21,4,0,2,0,0,26.24,1,0,0,0,1,0,8,0,0,0,0,0,0,1,0,5,0,0,0,0,0,0,1,0,5,0.828,1,212,9,6/26/2013 17:56,June,6
23,3,Hotelen,Barcelona,Paral.lel 64,6/5/2013 17:56,5,219,0,0,219,52838,4.5,4,0,2.64,0.0215,0,215,0,10797,1,21,4,0,2,0,0,24.49,1,0,0,0,0,0,11,1,1,4,0,0,0,-1,0,5,0,0,0,0,0,0,-1,0,5,2.6615,1,214,10,6/26/2013 17:56,June,6
24,3,Hotel,Barcelona,Ribes 71,6/5/2013 17:56,5,219,0,0,219,40629,4,4,1,2.08,0.021,0,219,0,10797,1,21,4,0,2,0,0,23.32,1,0,0,0,0,0,0,0,0,0,0,0,0,0,0,0,0,0,0,0,0,0,0,0,0,2.101,1,218,11,6/26/2013 17:56,June,6
25,3,Apartmentos SATA,Barcelona,Ronda de Sant Pau 55-57,6/5/2013 17:56,5,219,0,0,219,104087,4,3.5,1,2.64,0.0305,0,236,0,10797,1,21,4,0,2,0,0,22.87,1,0,0,0,0,0,0,0,1,0,0,0,0,0,0,0,0,0,0,0,0,0,0,0,0,2.6705,1,235,12,6/26/2013 17:56,June,6
26,3,Hotel Miramar Montjuich,Barcelona,Josep Pla 19,6/5/2013 17:56,5,219,0,0,219,121071,4,4.5,1,2.56,0.0485,0,239,0,10797,1,21,4,0,2,0,0,23.6,1,0,0,0,0,0,0,0,0,0,0,0,0,1,0,4,0,0,0,0,0,0,0,0,0,2.6085,1,238,13,6/26/2013 17:56,June,6
27,3,Hotel Arts,Barcelona,MARESME 96,6/5/2013 17:56,5,219,0,0,219,48090,4,4,1,2.3,0.0235,0,249,0,10797,1,21,4,0,2,0,0,23.32,1,0,0,0,0,0,0,0,1,0,0,0,0,0,0,0,0,0,0,0,0,0,0,0,0,2.3235,1,248,14,6/26/2013 17:56,June,6
28,3,Cal Antonmadro,Barcelona,Garcilaso,6/5/2013 17:56,5,219,0,0,219,56417,4,4.5,1,2.71,0.0225,0,249,0,10797,1,21,4,0,2,0,0,23.26,1,0,0,0,0,0,0,0,1,0,0,0,0,0,0,0,0,0,0,0,0,0,0,0,0,2.7325,1,248,15,6/26/2013 17:56,June,6
29,3,Carrer de Venero,Barcelona,Breton de los Herreros 26,6/5/2013 17:56,5,219,0,0,219,119952,4,4.5,0,2.77,0,0,269,0,10797,1,21,4,0,2,0,0,24.52,1,0,0,0,1,0,3,0,0,0,0,0,0,0,0,0,0,0,0,0,0,0,0,0,0,2.77,1,268,16,6/26/2013 17:56,June,6
30,3,Hotel arts,Barcelona,Passeig de la Mare de D??u del Coll,6/5/2013 17:56,5,219,0,0,219,4610,3.5,4.5,1,3,0.0062,0,275,0,10797,1,21,4,0,2,0,0,23.85,1,0,0,0,0,0,0,0,0,0,0,0,0,0,0,0,0,0,0,0,0,0,0,0,0,3.0062,1,274,17,6/26/2013 17:56,June,6
31,3,Carrer Dels Madrazo,Barcelona,Vinyar 27,6/5/2013 17:56,5,219,0,0,219,117667,3.5,4.5,0,3.09,0.0019,0,285,0,10797,1,21,4,0,2,0,0,24.39,1,0,0,0,0,0,11,0,0,0,0,0,0,0,0,0,0,0,0,0,0,0,0,0,0,3.0919,1,284,18,6/26/2013 17:56,June,6
32,3,Hesperia Tower,Barcelona,Avda. Mare Deu Montserrat 179-181,6/5/2013 17:56,5,219,0,0,219,12248,3.5,4.5,1,2.89,0.0043,0,289,0,10797,1,21,4,0,2,0,0,23.52,1,0,0,0,0,0,0,-1,0,3,0,0,0,0,0,0,0,0,0,0,0,0,0,0,0,2.8943,1,288,19,6/26/2013 17:56,June,6
33,3,reception,Barcelona,Ventallo,6/5/2013 17:56,5,219,0,0,219,57724,3.5,4.5,1,2.56,0.1811,0,295,0,10797,1,21,4,0,2,0,0,24.45,1,0,0,0,0,0,4,0,0,4,0,0,0,0,0,0,0,0,0,0,0,0,0,0,4,2.7411,1,294,20,6/26/2013 17:56,June,6
34,3,Hcc Lugano,Barcelona,Ogassa,6/5/2013 17:56,5,219,0,0,219,70568,3.5,4.5,0,2.89,0,0,325,0,10797,1,21,4,0,2,0,0,24.53,1,0,0,0,0,0,10,0,0,14,0,0,0,0,0,10,0,0,0,0,0,0,0,0,10,2.89,1,324,21,6/26/2013 17:56,June,6
35,3,Hotel  Princess  Room 1216,Barcelona,Carrer dels Morabos,6/5/2013 17:56,5,219,0,0,219,103937,3,4.5,1,2.89,0,0,339,1,10797,1,21,4,0,2,0,0,24.61,1,0,0,0,0,0,0,0,0,0,-1,0,10,-1,0,10,0,0,0,0,0,0,-1,0,10,2.89,1,338,22,6/26/2013 17:56,June,6
36,3,Hotel Arts Terrace,Barcelona,Calle de Mercedes Rodoreda,6/5/2013 17:56,5,219,0,0,219,55688,3,4.5,0,2.94,0.0191,0,343,1,10797,1,21,4,0,2,0,0,22.92,1,0,0,0,0,0,0,1,0,12,0,0,0,0,0,0,0,0,0,0,0,0,0,0,0,2.9591,1,342,23,6/26/2013 17:56,June,6
37,3,Hotel Sunrise Barcelona,Barcelona,Gran Via,6/5/2013 17:56,5,219,0,0,219,35245,3,4,1,2.94,0.0123,0,345,0,10797,1,21,4,0,2,0,0,23.98,1,0,0,0,0,0,0,0,0,0,0,0,0,1,0,14,0,0,0,0,0,0,0,0,0,2.9523,1,344,24,6/26/2013 17:56,June,6
38,3,Swimming Pool Hotel Arts,Barcelona,Riera Blanca,6/5/2013 17:56,5,219,0,0,219,39341,3,4,1,2.48,0.1504,0,349,0,10797,1,21,4,0,2,0,0,24.74,1,0,0,0,-1,0,14,0,1,0,0,0,0,0,0,0,0,0,0,0,0,0,-1,0,14,2.6304,1,348,25,6/26/2013 17:56,June,6
39,3,Villa Victoria,Barcelona,Calle Blai,6/5/2013 17:56,5,219,0,0,219,44497,2.5,5,0,1.1,0,0,425,0,10797,1,21,4,0,2,0,0,24.85,1,0,0,0,0,0,0,0,0,0,0,0,0,0,0,0,0,0,0,0,0,0,0,0,0,1.1,1,424,26,6/26/2013 17:56,June,6
40,3,Pierre e Vacances,Barcelona,Avinguda Diagonal 1,6/5/2013 17:56,5,219,0,0,219,72684,2.5,5,1,2.89,0.0014,0,449,0,10797,1,21,4,0,2,0,0,24.6,1,0,0,0,0,0,0,-1,0,15,0,0,0,0,0,0,0,0,0,0,0,0,0,0,0,2.8914,1,448,27,6/26/2013 17:56,June,6
41,3,A Vista d'Hotel | Barcelona Princess,Barcelona,Av. Republica Argentina 256,6/5/2013 17:56,5,219,0,0,219,5541,2.5,4.5,0,0,0,0,460,0,10797,1,21,4,0,2,0,0,26.19,1,0,0,0,0,0,0,0,0,0,0,0,0,0,0,0,0,0,0,0,0,0,0,0,0,0,1,459,28,6/26/2013 17:56,June,6
42,3,Royal Hotels,Barcelona,Avenida Diagonal,6/5/2013 17:56,5,219,0,0,219,117177,2.5,5,1,2.89,0,0,465,0,10797,1,21,4,0,2,0,0,23.81,1,0,0,0,0,0,0,0,1,0,0,0,7,0,0,0,0,0,0,0,0,0,0,0,6,2.89,1,464,29,6/26/2013 17:56,June,6
43,3,A Vista d'Hotel | Miramar Barcelona,Barcelona,Sugranyes,6/5/2013 17:56,5,219,0,0,219,9253,2,5,1,3,0,0,525,0,10797,1,21,4,0,2,0,0,23.68,1,0,0,0,0,0,0,1,1,4,0,0,0,0,0,0,0,0,0,0,0,0,0,0,0,3,1,524,30,6/26/2013 17:56,June,6
44,3,Barcelona Princess,Barcelona,Crta. Vallvidrera-Tibidabo,6/5/2013 17:56,5,219,0,0,219,88345,2,5,1,3.09,0,0,550,0,10797,1,21,4,0,2,0,0,23.9,1,0,0,0,0,0,0,0,1,0,0,0,0,0,0,8,0,0,0,0,0,0,0,0,0,3.09,1,549,31,6/26/2013 17:56,June,6
45,3,Av. Republica Argentina 256,Barcelona,Verdi Street,6/5/2013 17:56,5,219,0,0,219,24996,2,4.5,1,3.14,0,0,575,0,10797,1,21,4,0,2,0,0,23.6,1,0,0,0,0,0,0,1,0,32,0,0,0,0,0,0,0,0,0,0,0,0,0,0,0,3.14,1,574,32,6/26/2013 17:56,June,6
46,3,Mandarin Oriental,Barcelona,Passeig de Gracia 38,6/5/2013 17:56,5,219,0,0,219,36029,2,4.5,0,3.18,0,0,595,0,10797,1,21,4,0,2,0,0,23.65,1,0,0,0,0,0,0,0,0,0,0,0,0,0,0,0,0,0,0,0,0,0,0,0,0,3.18,1,594,33,6/26/2013 17:56,June,6
77,7,Arya Nivas,Mumbai,Thane Lake,11/29/2012 14:37,5,219,0,0,72,136038,4.7,4,0,2.56,0,3.35,17,0,6419,1,8,2,0,1,1,-21.5518,1908.06,0,0,0,0,0,0,0,0,0,0,0,0,0,0,0,0,0,0,0,0,0,0,0,0,0,2.56,28.50273364,-11.50273364,1,12/7/2012 14:37,December,12
78,7,Hotel Adarsh,Mumbai,Mulund,11/29/2012 14:37,5,219,0,0,72,115560,4.6,4,0,2.89,0,3.75,45,0,6419,1,8,2,0,1,1,0,1909.01,0,0,0,0,0,0,0,0,0,0,0,0,0,-1,0,22,0,0,0,0,0,0,0,0,0,2.89,42.521082,2.478918,2,12/7/2012 14:37,December,12
79,7,Hotel Amigo,Mumbai,Church Gate,11/29/2012 14:37,5,219,0,0,72,19884,4.5,4.5,0,1.39,0.1321,4.01,48,0,6419,1,8,2,0,1,1,-22.4981,1907.2,0,0,0,0,0,0,0,0,0,0,0,0,0,0,0,0,0,0,0,0,0,0,0,0,0,1.5221,55.14687056,-7.146870563,3,12/7/2012 14:37,December,12
80,7,Hotel Kumkum,Mumbai,Bombay Centeral,11/29/2012 14:37,5,219,0,0,72,62724,4.5,3.5,0,0,0.3962,4.61,61,0,6419,1,8,2,0,1,1,-21.6999,1910.59,0,0,0,0,0,0,0,0,0,0,0,0,0,0,0,0,0,0,0,0,0,0,0,0,0,0.3962,100.4841496,-39.48414964,4,12/7/2012 14:37,December,12
81,7,Hotel Manali,Mumbai,Dombivali,11/29/2012 14:37,5,219,0,0,72,50393,4.5,4,0,1.95,0,5.14,77,0,6419,1,8,2,0,1,1,-22.4796,1909.7,0,0,0,0,0,0,0,0,0,0,0,0,0,0,0,0,0,0,0,0,0,0,0,0,0,1.95,170.7157683,-93.71576832,5,12/7/2012 14:37,December,12
82,7,Hotel Mogul Palace,Mumbai,Manchhubhai Road,11/29/2012 14:37,5,219,0,0,72,33705,4,0,0,0,0,5.18,80,0,6419,1,8,2,0,1,1,-21.6868,1895.28,0,0,0,0,0,0,0,0,0,0,0,0,0,0,0,0,0,0,0,0,0,0,0,0,0,0,177.682811,-97.68281099,6,12/7/2012 14:37,December,12
83,7,Hotel Nalanda,Mumbai,Andheri West,11/29/2012 14:37,5,219,0,0,72,137113,4,3.5,0,2.77,0.0786,4.61,80,0,6419,1,8,2,0,1,1,-18.1525,1908.62,0,0,0,0,0,0,0,0,0,0,0,0,0,0,0,0,0,0,0,0,0,0,0,0,0,2.8486,100.4841496,-20.48414964,7,12/7/2012 14:37,December,12
84,7,Hotel Neelkanth,Mumbai,M B Desai Rd,11/29/2012 14:37,5,219,0,0,72,116388,4,4.5,1,2.64,0.1771,5.15,84,0,6419,1,8,2,0,1,1,-16.819,1909.06,0,0,0,0,0,0,0,-1,0,15,0,0,0,-1,0,15,0,0,0,0,0,0,0,0,0,2.8171,172.4314903,-88.43149032,8,12/7/2012 14:37,December,12
85,7,Hotel Pearl,Mumbai,Andheri East,11/29/2012 14:37,5,219,0,0,72,115895,3.5,4,0,2.3,0.1445,4.85,85,0,6419,1,8,2,0,1,1,-18.0469,1909.63,0,0,0,0,0,0,0,0,0,0,0,0,0,0,0,0,0,0,0,0,0,0,0,0,0,2.4445,127.7403898,-42.74038985,9,12/7/2012 14:37,December,12
86,7,Hotel Prasad International,Mumbai,19th Road Corner,11/29/2012 14:37,5,219,0,0,72,11004,3.5,1,0,2.48,0,4.66,87,0,6419,1,8,2,0,1,1,-22.906,1908.29,0,0,0,0,0,0,0,0,0,0,0,0,0,0,0,0,0,0,0,0,0,0,0,0,0,2.48,105.6360822,-18.63608216,10,12/7/2012 14:37,December,12
87,7,Hotel Sadanand,Mumbai,Western Express Highway,11/29/2012 14:37,5,219,0,0,72,82098,3,5,1,2.56,0,5.3,99,0,6419,1,8,2,0,1,1,-22.5499,1908.3,0,0,0,0,0,0,0,0,0,0,0,0,0,0,0,0,0,0,0,0,0,0,0,0,0,2.56,200.33681,-101.33681,11,12/7/2012 14:37,December,12
88,7,Hotel Sahara,Mumbai,Gurukrupa Building,11/29/2012 14:37,5,219,0,0,72,119482,3,0,0,2.71,0,5.14,99,0,6419,1,8,2,0,1,1,0,1909.04,0,0,0,0,0,0,0,0,0,0,0,0,0,0,0,0,0,0,0,0,0,0,0,0,0,2.71,170.7157683,-71.71576832,12,12/7/2012 14:37,December,12
89,7,Hotel Stayvel,Mumbai,Colaba,11/29/2012 14:37,5,219,0,0,72,129218,2.5,3.5,1,2.89,0.044,5.05,109,0,6419,1,8,2,0,1,1,-22.9946,1908.58,0,0,0,0,0,0,0,0,0,0,0,0,0,0,0,0,0,0,0,0,0,0,0,0,0,2.934,156.0224645,-47.02246449,13,12/7/2012 14:37,December,12
90,7,Hotel The Nest,Mumbai,Dadar,11/29/2012 14:37,5,219,0,0,72,25791,2.5,0,1,2.83,0,5.3,115,0,6419,1,8,2,0,1,1,-22.6041,1908.59,0,0,0,0,0,0,0,0,0,0,0,0,0,0,0,0,0,0,0,0,0,0,0,0,0,2.83,200.33681,-85.33680997,14,12/7/2012 14:37,December,12
91,7,Madhavashram,Mumbai,Chembur,11/29/2012 14:37,5,219,0,0,72,3483,2,4,1,2.48,0.1044,5.45,119,0,6419,1,8,2,0,1,1,-22.0079,1909.38,0,0,0,0,0,0,0,-1,0,22,0,0,0,-1,0,9,0,0,0,0,0,0,0,0,0,2.5844,232.7581659,-113.7581659,15,12/7/2012 14:37,December,12
92,7,R K Hotel,Mumbai,South Bombay,11/29/2012 14:37,5,219,0,0,72,89319,2,0,1,2.56,0,5.14,127,0,6419,1,8,2,0,1,1,-23.2552,1909.27,0,0,0,0,0,0,0,0,0,0,0,0,0,0,0,0,0,0,0,0,0,0,0,0,0,2.56,170.7157683,-43.71576832,16,12/7/2012 14:37,December,12
93,7,Railway Hotel,Mumbai,Bandra,11/29/2012 14:37,5,219,0,0,72,52357,2,0,0,2.64,0,0,131,0,6419,1,8,2,0,1,1,0,1908.09,0,0,0,0,0,0,0,0,0,0,0,0,0,0,0,0,0,0,0,0,0,0,0,0,0,2.64,1,130,17,12/7/2012 14:37,December,12
94,9,Kos,Amsterdam,Staalmeesterlaan,6/17/2013 12:48,14,100,0,0,219,104475,4.5,0,0,2.4,0.0098,0,90.32,0,25479,1,237,2,0,1,0,0,2314.85,0,0,0,0,0,0,0,0,0,0,0,0,0,0,0,0,0,0,0,0,0,0,0,0,0,2.4098,1,89.32,1,2/9/2014 11:48,February,2
95,9,Meininger Room 115,Amsterdam,Hendrikje Stoffelstraat 1,6/17/2013 12:48,14,100,0,0,219,74339,4.5,4,1,2.4,0.0086,0,100.14,1,25479,1,237,2,0,1,0,0,2308.23,0,0,0,0,0,0,0,0,0,0,0,0,0,0,0,0,0,0,0,0,0,0,0,0,0,2.4086,1,99.14,2,2/9/2014 11:48,February,2
96,9,Holiday Inn Sloterdik,Amsterdam,Voorburgstraat 250,6/17/2013 12:48,14,100,0,0,219,115796,4.5,3.5,1,1.95,0.0262,0,100.14,0,25479,1,237,2,0,1,0,0,2314.17,0,0,0,0,0,0,0,0,0,0,0,0,0,0,0,0,0,0,0,0,0,0,0,0,0,1.9762,1,99.14,3,2/9/2014 11:48,February,2
97,9,Fasion Hotel,Amsterdam,Beursstraat 21,6/17/2013 12:48,14,100,0,0,219,74516,4.5,0,0,2.71,0,0,109.95,0,25479,1,237,2,0,1,0,0,2315.44,0,0,0,0,0,0,0,0,0,0,0,0,0,0,0,0,0,0,0,0,0,0,0,0,0,2.71,1,108.95,4,2/9/2014 11:48,February,2
98,9,HEM Hotel,Amsterdam,Lucellestraat,6/17/2013 12:48,14,100,0,0,219,65758,4,3.5,1,2.4,0.0414,0,118.79,0,25479,1,237,2,0,1,0,0,2316.9,0,0,0,0,0,0,0,0,0,0,0,0,0,0,0,0,0,0,0,0,0,0,0,0,0,2.4414,1,117.79,5,2/9/2014 11:48,February,2
99,9,besthotelfordogs.com,Amsterdam,Titus van Rijnstraat,6/17/2013 12:48,14,100,0,0,219,135857,4,4,1,3.37,0.0164,0,118.79,1,25479,1,237,2,0,1,0,0,2320.53,0,0,0,0,0,0,0,0,0,0,0,0,0,0,0,0,0,0,0,0,0,0,0,0,0,3.3864,1,117.79,6,2/9/2014 11:48,February,2
100,9,Bastion Hotel Amsterdam,Amsterdam,Nachtwachtlaan 11,6/17/2013 12:48,14,100,0,0,219,81854,4,3,0,4.11,0.1063,0,125.66,1,25479,1,237,2,0,1,0,0,2314.25,0,0,0,0,0,0,0,0,0,0,0,0,0,0,0,0,0,0,0,0,0,0,0,0,0,4.2163,1,124.66,7,2/9/2014 11:48,February,2
101,9,Tulip Inn Amsterdam Art,Amsterdam,Havenstraat 3a Loods 22,6/17/2013 12:48,14,100,0,0,219,31233,4,0,0,4.19,0.071,0,128.61,0,25479,1,237,2,0,1,0,0,2314.16,0,0,0,0,0,0,0,0,0,0,0,0,0,0,0,0,0,0,0,0,0,0,0,0,0,4.261,1,127.61,8,2/9/2014 11:48,February,2
102,9,Arts Hotel,Amsterdam,Amstelveenseweg 646,6/17/2013 12:48,14,100,0,0,219,83625,4,4,1,2.2,0.0054,0,139.41,0,25479,1,237,2,0,1,0,0,2311.89,0,0,0,0,0,0,0,0,0,0,0,0,0,0,0,0,0,0,0,0,0,0,0,0,0,2.2054,1,138.41,9,2/9/2014 11:48,February,2
103,9,Cosy Canal Apartaments,Amsterdam,Corn. Douwesweg 15,6/17/2013 12:48,14,100,0,0,219,117171,4,0,0,3.47,0,0,148.24,1,25479,1,237,2,0,1,0,0,2319.71,0,0,0,0,0,0,0,0,0,0,0,0,0,0,0,0,0,0,0,0,0,0,0,0,0,3.47,1,147.24,10,2/9/2014 11:48,February,2
104,9,Hotel/ Bar Sebastian's,Amsterdam,Spaarndammerdijk 304,6/17/2013 12:48,14,100,0,0,219,99723,4,3.5,1,2.3,0.025,0,151.19,0,25479,1,237,2,0,1,0,0,2315.93,0,0,0,0,0,0,0,0,0,0,0,0,0,0,0,0,0,0,0,0,0,0,0,0,0,2.325,1,150.19,11,2/9/2014 11:48,February,2
105,9,Amsterdam City,Amsterdam,Teilingen 45,6/17/2013 12:48,14,100,0,0,219,78979,3.5,3.5,1,2.48,0.0175,0,155.11,0,25479,1,237,2,0,1,0,0,2315.14,0,0,0,0,0,0,0,0,0,0,0,0,0,0,0,0,0,0,0,0,0,0,0,0,0,2.4975,1,154.11,12,2/9/2014 11:48,February,2
106,9,Mate hotel,Amsterdam,Kastelenstraat 64,6/17/2013 12:48,14,100,0,0,219,75071,3.5,4.5,1,2.3,0.0065,0,159.04,0,25479,1,237,2,0,1,0,0,2315.19,0,0,0,0,0,0,0,0,0,0,0,0,0,0,0,0,0,0,0,0,0,0,0,0,0,2.3065,1,158.04,13,2/9/2014 11:48,February,2
107,9,RHO Hotel,Amsterdam,Kraanspoor 42,6/17/2013 12:48,14,100,0,0,219,131773,3.5,4.5,1,2.71,0.0258,0,168.86,0,25479,1,237,2,0,1,0,0,2316.6,0,0,0,0,0,0,0,0,0,0,0,0,0,0,0,0,0,0,0,0,0,0,0,0,0,2.7358,1,167.86,14,2/9/2014 11:48,February,2
108,9,Hotel Amsterdam,Amsterdam,Amstel Botel Amsterdam,6/17/2013 12:48,14,100,0,0,219,11768,3.5,4.5,1,2.08,0.0162,0,177.69,0,25479,1,237,2,0,1,0,0,2314.45,0,0,0,0,0,0,0,0,0,0,0,0,0,0,0,0,0,0,0,0,0,0,0,0,0,2.0962,1,176.69,15,2/9/2014 11:48,February,2
109,9,Hotel cc,Amsterdam,Amstel Botel Amsterdam,6/17/2013 12:48,14,100,0,0,219,42414,3.5,4.5,0,4.14,0.1222,0,178.68,0,25479,1,237,2,0,1,0,0,2314.29,0,0,0,0,0,0,0,0,0,0,0,0,0,0,0,0,0,0,0,0,0,0,0,0,0,4.2622,1,177.68,16,2/9/2014 11:48,February,2
110,9,Executive Lounge - Hotel Okura,Amsterdam,Lindengracht,6/17/2013 12:48,14,100,0,0,219,25298,3.5,4.5,1,2.56,0.0436,0,184.57,0,25479,1,237,2,0,1,0,0,2316.81,0,0,0,0,0,0,0,0,0,0,0,0,0,0,0,0,0,0,0,0,0,0,0,0,0,2.6036,1,183.57,17,2/9/2014 11:48,February,2
111,9,Bicyclehotel Van Ostade,Amsterdam,Keizersgracht 15,6/17/2013 12:48,14,100,0,0,219,95962,3.5,4,0,2.94,0.0211,0,188.49,1,25479,1,237,2,0,1,0,0,2309.69,0,0,0,0,0,0,0,0,0,0,0,0,0,0,0,0,0,0,0,0,0,0,0,0,0,2.9611,1,187.49,18,2/9/2014 11:48,February,2
112,9,Shi Hotel,Amsterdam,Herengracht 255,6/17/2013 12:48,14,100,0,0,219,43044,3.5,4.5,0,1.39,0.0112,0,193.4,0,25479,1,237,2,0,1,0,0,2313.76,0,0,0,0,0,0,0,0,0,0,0,0,0,0,0,0,0,0,0,0,0,0,0,0,0,1.4012,1,192.4,19,2/9/2014 11:48,February,2
113,9,"Hermitage Hotel, Amsterdam-Centrum",Amsterdam,Grachten,6/17/2013 12:48,14,100,0,0,219,122201,3,4.5,1,4.04,0.0232,0,198.31,0,25479,1,237,2,0,1,0,0,2313.69,0,0,0,0,0,0,0,0,0,0,0,0,0,0,0,0,0,0,0,0,0,0,0,0,0,4.0632,1,197.31,20,2/9/2014 11:48,February,2
114,9,Hotel Flipper :: Borssenburgstraat 5,Amsterdam,Van Ostadestraat 123HS,6/17/2013 12:48,14,100,0,0,219,3197,3,4,1,2.71,0.0867,0,209.11,0,25479,1,237,2,0,1,0,0,2315.47,0,0,0,0,0,0,0,0,0,0,0,0,0,0,0,0,0,0,0,0,0,0,0,0,0,2.7967,1,208.11,21,2/9/2014 11:48,February,2
115,9,Hotel V Victorieplein,Amsterdam,Govert Flinckstraat 109-3,6/17/2013 12:48,14,100,0,0,219,100023,3,4.5,1,2.48,0.0226,0,218.93,0,25479,1,237,2,0,1,0,0,2315.2,0,0,0,0,0,0,0,0,0,0,0,0,0,0,0,0,0,0,0,0,0,0,0,0,0,2.5026,1,217.93,22,2/9/2014 11:48,February,2
116,9,Movempic Amsterdam City Center Hotel,Amsterdam,Sportpark Kadoelen 5,6/17/2013 12:48,14,100,0,0,219,106793,3,4,1,2.77,0.0475,0,218.93,0,25479,1,237,2,0,1,0,0,2315.37,0,0,0,0,0,0,0,0,0,0,0,0,0,0,0,0,0,0,0,0,0,0,0,0,0,2.8175,1,217.93,23,2/9/2014 11:48,February,2
117,9,Heeswijk Dinther Raadhuys,Amsterdam,Wanningstraat 1,6/17/2013 12:48,14,100,0,0,219,122720,3,4.5,1,3.81,0.0257,0,228.75,0,25479,1,237,2,0,1,0,0,2315.01,0,0,0,0,0,0,0,0,0,0,0,0,0,0,0,0,0,0,0,0,0,0,0,0,0,3.8357,1,227.75,24,2/9/2014 11:48,February,2
118,9,Room Mate Hotel (opening soon),Amsterdam,Van der Pekplein,6/17/2013 12:48,14,100,0,0,219,129658,3,4.5,0,3,0.0144,0,245.43,1,25479,1,237,2,0,1,0,0,2312.2,0,0,0,0,0,0,0,0,0,0,0,0,0,0,0,0,0,0,0,0,0,0,0,0,0,3.0144,1,244.43,25,2/9/2014 11:48,February,2
119,9,Alternatief Boot,Amsterdam,prinsengracht 4243,6/17/2013 12:48,14,100,0,0,219,47877,3,4,0,4.04,0.0367,0,265.07,0,25479,1,237,2,0,1,0,0,2313.92,0,0,0,0,0,0,0,0,0,0,0,0,0,0,0,0,0,0,0,0,0,0,0,0,0,4.0767,1,264.07,26,2/9/2014 11:48,February,2
120,9,Double Tree,Amsterdam,Nieuwe Keizersgracht 16,6/17/2013 12:48,14,100,0,0,219,34820,3,4.5,1,2.48,0.0174,0,278.81,0,25479,1,237,2,0,1,0,0,2314.99,0,0,0,0,0,0,0,0,0,0,0,0,0,0,0,0,0,0,0,0,0,0,0,0,0,2.4974,1,277.81,27,2/9/2014 11:48,February,2
121,9,"Cleythil hotel, maldegem, belgi?®",Amsterdam,Borssenburgstraat 5,6/17/2013 12:48,14,100,0,0,219,1704,3,4.5,1,4.13,0.1314,0,298.45,0,25479,1,237,2,0,1,0,0,2314.38,0,0,0,0,0,0,0,0,0,0,0,0,0,0,0,0,0,0,0,0,0,0,0,0,0,4.2614,1,297.45,28,2/9/2014 11:48,February,2
122,9,Shiphotel gandalf,Amsterdam,Victorieplein 42,6/17/2013 12:48,14,100,0,0,219,60833,2,4.5,0,4.13,0.1211,0,338.7,0,25479,1,237,2,0,1,0,0,2314.3,0,0,0,0,0,0,0,0,0,0,0,0,0,0,0,0,0,0,0,0,0,0,0,0,0,4.2511,1,337.7,29,2/9/2014 11:48,February,2
123,9,Captain's place,Amsterdam,Ranonkelkade 10,6/17/2013 12:48,14,100,0,0,219,9122,2,5,1,4.19,0.0464,0,468.29,0,25479,1,237,2,0,1,0,0,2314.68,0,0,0,0,0,0,0,0,0,0,0,0,0,0,0,0,0,0,0,0,0,0,0,0,0,4.2364,1,467.29,30,2/9/2014 11:48,February,2
124,9,Het Zomerhuis,Amsterdam,Van der Pekstraat 3,6/17/2013 12:48,14,100,0,0,219,88914,2,4.5,1,2.08,0.0203,0,468.29,0,25479,1,237,2,0,1,0,0,2321.55,0,0,0,0,0,0,0,0,0,0,0,0,0,0,0,0,0,0,0,0,0,0,0,0,0,2.1003,1,467.29,31,2/9/2014 11:48,February,2
125,10,Best Western Hotel President Roma,Rome,Via Aurelia 185 00165 Roma Roma (Latium) Italy,4/3/2013 18:35,5,219,0,0,219,15334,5,2,1,0.69,0,4.28,49,0,15534,1,9,1,0,1,1,0,36.9,0,0,0,0,1,0,14,1,0,16,0,0,0,0,0,0,0,0,0,0,0,0,0,0,0,0.69,72.24044001,-23.24044001,1,4/12/2013 18:35,April,4
126,10,Hotel Astrid,Rome,Via Emanuele Filiberto 173,4/3/2013 18:35,5,219,0,0,219,52323,5,2.5,1,2.71,0,4.44,49,1,15534,1,9,1,0,1,1,0,40.03,0,0,0,0,0,0,0,0,0,0,0,0,0,0,0,0,0,0,0,0,0,0,0,0,0,2.71,84.77494167,-35.77494167,2,4/12/2013 18:35,April,4
127,10,San Giorgio,Rome,Largo Antonio Sarti 4,4/3/2013 18:35,5,219,0,0,219,59351,5,3,1,1.79,0,4.25,55,0,15534,1,9,1,0,1,1,0,35.98,0,0,0,0,0,0,0,0,0,0,0,0,0,0,0,0,0,0,0,0,0,0,0,0,0,1.79,70.10541235,-15.10541235,3,4/12/2013 18:35,April,4
128,10,Aurelia,Rome,Via Giovanni Amendola 61,4/3/2013 18:35,5,219,0,0,219,78247,5,3.5,0,1.39,0,4.74,55,0,15534,1,9,1,0,1,1,0,36.74,0,0,0,0,1,0,16,1,0,16,0,0,0,0,0,0,0,0,0,0,0,0,0,0,0,1.39,114.4342017,-59.43420168,4,4/12/2013 18:35,April,4
129,10,Dina Roma,Rome,36 Via Gino Borgatta,4/3/2013 18:35,5,219,0,0,219,66605,5,3,1,1.39,0,4.28,64,0,15534,1,9,1,0,1,1,0,36.76,0,0,0,0,0,0,0,0,0,0,0,0,0,0,0,0,0,0,0,0,0,0,0,0,0,1.39,72.24044001,-8.240440007,5,4/12/2013 18:35,April,4
130,10,Happy Goose,Rome,1a Largo Antonio Beltramelli,4/3/2013 18:35,5,219,0,0,219,121571,4.5,3,0,1.1,0.0334,4.88,92,0,15534,1,9,1,0,1,1,0,42.3,0,0,0,0,0,0,0,0,0,0,0,0,0,0,0,0,0,0,0,0,0,0,0,0,0,1.1334,131.6306639,-39.63066389,6,4/12/2013 18:35,April,4
131,10,Roma Bed & Breakfast,Rome,20 Via Giovacchino Forzano,4/3/2013 18:35,5,219,0,0,219,19880,4.5,5,1,1.79,0,4.73,100,0,15534,1,9,1,0,1,1,0,41.81,0,0,0,0,0,0,0,0,0,0,0,0,0,1,0,25,0,0,0,0,0,0,1,0,25,1.79,113.2955623,-13.29556235,7,4/12/2013 18:35,April,4
132,10,Villino Musei Vaticani,Rome,Via dei Gonzaga 159/e,4/3/2013 18:35,5,219,0,0,219,35203,4.5,4.5,1,1.1,0.0334,5.05,107,0,15534,1,9,1,0,1,1,0,42.3,0,0,0,0,0,0,0,0,0,0,0,0,0,0,0,0,0,0,0,0,0,0,0,0,0,1.1334,156.0224645,-49.02246449,8,4/12/2013 18:35,April,4
133,10,Hotel Waldorf Roma,Rome,51e Viale Vaticano,4/3/2013 18:35,5,219,0,0,219,113549,4.5,4,1,2.71,0,4.42,114,0,15534,1,9,1,0,1,1,0,40.04,0,0,0,0,0,0,0,0,0,0,0,0,0,0,0,0,0,0,0,0,0,0,0,0,0,2.71,83.09628536,30.90371464,9,4/12/2013 18:35,April,4
134,10,Satellite Palace Hotel,Rome,Via Andrea Alciato 14-16,4/3/2013 18:35,5,219,0,0,219,1066,4.5,3.5,0,3.47,0.384,5.23,116,1,15534,1,9,1,0,1,1,0,40.86,0,0,0,0,0,0,0,0,1,0,0,0,0,0,0,0,0,0,0,0,0,0,0,0,0,3.854,186.7928035,-70.79280352,10,4/12/2013 18:35,April,4
135,10,Castello Della Castelluccia Hotel Rome,Rome,Lungomare Duca degli Abruzzi 72 00121 Lido di Osti,4/3/2013 18:35,5,219,0,0,219,78545,4.5,3.5,1,3.37,0.0959,4.86,134,0,15534,1,9,1,0,1,1,0,40.62,0,0,0,0,0,0,0,0,0,0,0,0,0,0,0,0,0,0,0,0,0,0,0,0,0,3.4659,129.0242021,4.975797893,11,4/12/2013 18:35,April,4
136,10,Hotel Anagnina Rome,Rome,Via Prenestina 944 00155 Roma Rome (Latium) Italy,4/3/2013 18:35,5,219,0,0,219,111107,4,4,1,2.08,0,4.96,135,0,15534,1,9,1,0,1,1,0,41.83,0,0,0,0,0,0,0,0,0,0,0,0,0,0,1,0,0,0,0,0,0,0,0,0,0,2.08,142.5937959,-7.593795897,12,4/12/2013 18:35,April,4
137,10,Eurostars Roma Congress Hotel Rome,Rome,Via Emilio Lagostina 10 00156 Ponte Mammolo Roma R,4/3/2013 18:35,5,219,0,0,219,21556,4,4,1,3.47,0.1912,5.34,140,0,15534,1,9,1,0,1,1,0,41.17,0,0,0,0,0,0,0,0,0,0,0,0,0,0,0,0,0,0,0,0,0,0,0,0,0,3.6612,208.5127103,-68.51271029,13,4/12/2013 18:35,April,4
138,10,Hotel Villa Rosa Rome,Rome,Via San Giuliano Terme 62 00148 Roma Roma (Latium),4/3/2013 18:35,5,219,0,0,219,97184,4,4,1,3.47,0.3721,5.15,149,0,15534,1,9,1,0,1,1,0,40.95,0,0,0,0,-1,0,14,0,0,0,0,0,0,0,0,0,0,0,0,0,0,0,-1,0,14,3.8421,172.4314903,-23.43149032,14,4/12/2013 18:35,April,4
139,10,Hotel Cinecitt?ÿ ***,Rome,Via Tuscolana,4/3/2013 18:35,5,219,0,0,219,104142,4,4.5,1,3.43,0.4383,5.18,152,0,15534,1,9,1,0,1,1,0,40.63,0,0,0,0,0,0,0,-1,0,3,0,0,0,-1,0,3,0,0,0,0,0,0,-1,0,3,3.8683,177.682811,-25.68281099,15,4/12/2013 18:35,April,4
140,10,Surf Studio Beach Hotel Rome,Rome,VIA AURELIA,4/3/2013 18:35,5,219,0,0,219,48443,4,4.5,1,3.26,0.1346,5.49,154,0,15534,1,9,1,0,1,1,0,40.4,0,0,0,0,0,0,0,0,0,0,0,0,0,0,0,0,0,0,0,0,0,0,0,0,0,3.3946,242.2572069,-88.25720686,16,4/12/2013 18:35,April,4
141,10,Nettuno Hotel Cala Gonone,Rome,viale Guglielmo Marconi,4/3/2013 18:35,5,219,0,0,219,121628,4,4.5,1,3.33,0.2139,5.37,163,0,15534,1,9,1,0,1,1,0,40.47,0,0,0,0,0,0,0,0,0,0,0,0,0,0,0,0,0,0,0,0,0,0,0,0,0,3.5439,214.8628677,-51.8628677,17,4/12/2013 18:35,April,4
142,10,Hotel St John Rome,Rome,Via Laurentina 5 F,4/3/2013 18:35,5,219,0,0,219,133311,3.5,4.5,1,3.47,0.4391,5.22,175,0,15534,1,9,1,0,1,1,0,40.9,0,0,0,0,0,0,0,0,0,0,0,0,0,0,0,0,0,0,0,0,0,0,0,0,0,3.9091,184.9341841,-9.934184071,18,4/12/2013 18:35,April,4
143,10,Satellite Palace Hotel Rome,Rome,Piazza Pupinia 2,4/3/2013 18:35,5,219,0,0,219,126066,3.5,4,1,3.33,0.393,5.34,176,0,15534,1,9,1,0,1,1,0,40.5,0,0,0,0,0,0,0,0,0,0,0,0,0,0,0,0,0,0,0,0,0,0,0,0,0,3.723,208.5127103,-32.51271029,19,4/12/2013 18:35,April,4
144,10,San Peter Hotel Rome,Rome,Via Luigi Chiarini 179,4/3/2013 18:35,5,219,0,0,219,120617,3.5,0,1,3.33,0,5.56,189,0,15534,1,9,1,0,1,1,0,40.38,0,0,0,0,0,1,0,0,0,0,0,0,0,0,0,0,0,0,0,0,0,0,0,0,0,3.33,259.8228363,-70.82283632,20,4/12/2013 18:35,April,4
145,10,Novotel,Rome,Via Giovanni Prati 1,4/3/2013 18:35,5,219,0,0,219,94984,3.5,4,1,3.47,0.4958,5.4,199,0,15534,1,9,1,0,1,1,0,40.79,0,0,0,0,0,0,0,0,0,0,0,0,0,0,1,0,0,0,0,0,0,0,0,0,0,3.9658,221.4064162,-22.4064162,21,4/12/2013 18:35,April,4
146,10,Aran Blu Hotel Fiumicino,Rome,Via Eudo Giulioli,4/3/2013 18:35,5,219,0,0,219,126403,3.5,5,1,3.47,0.4818,5.96,223,0,15534,1,9,1,0,1,1,0,40.76,0,0,0,0,0,0,0,0,0,0,0,0,0,0,0,0,0,0,0,0,0,0,0,0,0,3.9518,387.6101242,-164.6101242,22,4/12/2013 18:35,April,4
147,10,Eurostar Roma Congress,Rome,Lungomare Paolo Toscanelli 242 00121 Lido di Ostia,4/3/2013 18:35,5,219,0,0,219,127229,3.5,4,1,3.47,0.4837,5.16,225,0,15534,1,9,1,0,1,1,0,40.77,0,0,0,0,0,0,0,0,0,0,0,0,0,0,0,0,0,0,0,0,0,0,0,0,0,3.9537,174.1644556,50.83554439,23,4/12/2013 18:35,April,4
148,10,Armstrong Hotel Rome,Rome,Viale Vasco de Gama 26 00121 Lido di Ostia Roma Ro,4/3/2013 18:35,5,219,0,0,219,84276,3.5,4.5,1,3.4,0.3628,5.57,300,0,15534,1,9,1,0,1,1,0,40.76,0,0,0,0,0,0,0,0,0,0,0,0,0,0,0,0,0,0,0,0,0,0,0,0,0,3.7628,262.4340992,37.56590076,24,4/12/2013 18:35,April,4
149,13,Albergo Il Porticciolo,Tuscany,Via Falasca,2/21/2013 22:06,5,219,0,0,229,37850,4.5,0,0,1.1,0,3.43,45,0,12994,8,36,2,2,1,0,0,3022.25,0,0,0,0,0,0,0,0,0,0,0,0,0,0,0,0,0,0,0,0,0,0,0,0,0,1.1,30.87664275,14.12335725,1,3/29/2013 23:06,March,3
150,13,Hotel Arenella,Tuscany,Via S. Leonardo 62,2/21/2013 22:06,5,219,0,0,229,124679,4.5,4.5,0,0,0.0055,4.49,60,0,12994,8,36,2,2,1,0,0,3030.79,0,0,0,0,0,0,0,0,0,0,0,0,0,0,0,0,0,0,0,0,0,0,0,0,0,0.0055,89.12144588,-29.12144588,2,3/29/2013 23:06,March,3
151,13,Hotel Monticello,Tuscany,Lungofrigido Levante 1,2/21/2013 22:06,5,219,0,0,229,33286,4.5,4,0,2.3,0.0033,4.49,69,0,12994,8,36,2,2,1,0,0,3026.23,0,0,0,0,0,0,0,0,0,0,0,0,0,0,0,0,0,0,0,0,0,0,0,0,0,2.3033,89.12144588,-20.12144588,3,3/29/2013 23:06,March,3
152,13,Hotel Villa Rita,Tuscany,via giuseppe verdi,2/21/2013 22:06,5,219,0,0,229,59561,4.5,4,0,4.23,0,5.03,69,0,12994,8,36,2,2,1,0,0,3025.51,0,0,0,0,0,0,0,0,0,0,0,0,0,0,0,0,0,0,0,0,0,0,0,0,0,4.23,152.9330127,-83.9330127,4,3/29/2013 23:06,March,3
153,13,Hotel Aurora,Tuscany,Lungomare Italico 82,2/21/2013 22:06,5,219,0,0,229,126406,4,4.5,0,4.19,0.1511,4.57,80,0,12994,8,36,2,2,1,0,0,3025.68,0,0,0,0,0,0,0,0,0,0,0,0,0,0,0,0,0,0,0,0,0,0,0,0,0,4.3411,96.54410977,-16.54410977,5,3/29/2013 23:06,March,3
154,13,Hotel Belvedere,Tuscany,Via Matteo Civitali 51,2/21/2013 22:06,5,219,0,0,229,44985,4,4.5,0,4.14,0.0652,4.49,85,0,12994,8,36,2,2,1,0,0,3025.92,0,0,0,0,0,0,0,0,0,0,0,0,0,0,0,0,0,0,0,0,0,0,0,0,0,4.2052,89.12144588,-4.121445879,6,3/29/2013 23:06,March,3
155,13,Il Perseo,Tuscany,Via Mazzini 20,2/21/2013 22:06,5,219,0,0,229,94220,4,0,0,0,0,0,85,0,12994,8,36,2,2,1,0,0,2991.56,0,0,0,0,0,0,0,0,0,0,0,0,0,0,0,0,0,0,0,0,0,0,0,0,0,0,1,84,7,3/29/2013 23:06,March,3
156,13,Hotel Sardi,Tuscany,Via Giovanni Bellotti,2/21/2013 22:06,5,219,0,0,229,63146,4,0,0,3.4,0.0599,4.49,92,0,12994,8,36,2,2,1,0,0,3026.29,0,0,0,0,0,0,0,0,0,0,0,0,0,0,0,0,0,0,0,0,0,0,0,0,0,3.4599,89.12144588,2.878554121,8,3/29/2013 23:06,March,3
157,13,Dependance n.37,Tuscany,Via A. Salucci,2/21/2013 22:06,5,219,0,0,229,140747,4,0,0,3.22,0,0,92,0,12994,8,36,2,2,1,0,0,3026.55,0,0,0,0,0,0,0,0,0,0,0,0,0,0,0,0,0,0,0,0,0,0,0,0,0,3.22,1,91,9,3/29/2013 23:06,March,3
158,13,Hotel Il Veliero,Tuscany,Localit?ÿ Bocchetto,2/21/2013 22:06,5,219,0,0,229,90815,3.5,4,0,3.22,0.097,3.93,95,0,12994,8,36,2,2,1,0,0,3026.54,0,0,0,0,0,0,0,0,0,0,0,0,0,0,0,0,0,0,0,0,0,0,0,0,0,3.317,50.90697767,44.09302233,10,3/29/2013 23:06,March,3
159,13,Hotel Da Giacomino,Tuscany,Localit?ÿ Naregno,2/21/2013 22:06,5,219,0,0,229,21100,3.5,4,0,4.2,0.1841,5.09,96,0,12994,8,36,2,2,1,0,0,3025.38,0,0,0,0,0,0,0,0,0,0,0,0,0,0,0,0,0,0,0,0,0,0,0,0,0,4.3841,162.3898621,-66.38986205,11,3/29/2013 23:06,March,3
160,13,Hotel Montemerlo,Tuscany,Via delle Fornaci 311,2/21/2013 22:06,5,219,0,0,229,71075,3.5,5,0,4.09,0.1803,4.49,101,0,12994,8,36,2,2,1,0,0,3025.57,0,0,0,0,0,0,0,0,0,0,0,0,0,0,0,0,0,0,0,0,0,0,0,0,0,4.2703,89.12144588,11.87855412,12,3/29/2013 23:06,March,3
161,13,Hotel Anna,Tuscany,via per Portoferraio,2/21/2013 22:06,5,219,0,0,229,86598,3.5,0,0,4.09,0,4.49,101,0,12994,8,36,2,2,1,0,0,3025.6,0,0,0,0,0,0,0,0,0,0,0,0,0,0,0,0,0,0,0,0,0,0,0,0,0,4.09,89.12144588,11.87855412,13,3/29/2013 23:06,March,3
162,13,Hotel Barsalini,Tuscany,Viale Principe Amedeo 48,2/21/2013 22:06,5,219,0,0,229,110798,3.5,4,1,4.22,0.1594,4.8,101,0,12994,8,36,2,2,1,0,0,3025.54,0,0,0,0,0,0,0,0,0,0,0,0,0,1,0,12,0,0,0,0,0,0,0,0,0,4.3794,121.5104175,-20.51041752,14,3/29/2013 23:06,March,3
163,13,Locanda Dell'Amicizia,Tuscany,Viale Amedeo,2/21/2013 22:06,5,219,0,0,229,34719,3.5,4,0,4.14,0.0318,5.09,107,1,12994,8,36,2,2,1,0,0,3026.11,0,0,0,0,0,0,0,0,0,0,0,0,0,1,0,12,0,0,0,0,0,0,0,0,0,4.1718,162.3898621,-55.38986205,15,3/29/2013 23:06,March,3
164,13,Hotel La perla del Golfo,Tuscany,Via Santa Maria 12,2/21/2013 22:06,5,219,0,0,229,22916,3.5,4,1,2.77,0.0641,5.02,118,1,12994,8,36,2,2,1,0,0,3023.83,0,0,0,0,0,0,0,0,0,0,0,0,0,1,0,40,0,0,0,0,0,0,0,0,0,2.8341,151.4113038,-33.41130379,16,3/29/2013 23:06,March,3
165,13,Residence Villa Cecilia,Tuscany,Via Dei Musicanti,2/21/2013 22:06,5,219,0,0,229,39217,3,4.5,0,4.17,0.1891,5.04,148,0,12994,8,36,2,2,1,0,0,3025.54,0,0,0,0,0,0,0,0,0,0,0,0,0,0,0,0,0,0,0,0,0,0,0,0,0,4.3591,154.470015,-6.470015026,17,3/29/2013 23:06,March,3
166,13,Hotel Park Napoleone,Tuscany,Loc. Fetovaia,2/21/2013 22:06,5,219,0,0,229,120494,3,4,0,3.04,0.1782,5.15,154,1,12994,8,36,2,2,1,0,0,3024.35,0,0,0,0,0,0,0,0,0,0,0,0,0,1,0,2,0,0,0,0,0,0,0,0,0,3.2182,172.4314903,-18.43149032,18,3/29/2013 23:06,March,3
167,13,Lacona Residence,Tuscany,Viale E. Morin 169 55042 Forte dei Marmi Lucca (Tu,2/21/2013 22:06,5,219,0,0,229,13797,3,0,0,0,0,4.41,156,0,12994,8,36,2,2,1,0,0,3010.36,0,0,0,0,0,0,0,0,0,0,0,0,0,0,0,0,0,0,0,0,0,0,0,0,0,0,82.2694635,73.7305365,19,3/29/2013 23:06,March,3
168,13,Residence San Giovanni,Tuscany,Via C. Colombo 32,2/21/2013 22:06,5,219,0,0,229,536,3,5,1,4.09,0.1377,5.3,168,1,12994,8,36,2,2,1,0,0,3025.76,0,0,0,0,0,0,0,0,0,0,0,0,0,0,0,0,0,0,0,0,0,0,0,0,0,4.2277,200.33681,-32.33680997,20,3/29/2013 23:06,March,3
169,13,Hotel Acquamarina,Tuscany,Viale morin 137,2/21/2013 22:06,5,219,0,0,229,113992,3,0,0,4.13,0.0392,4.49,172,0,12994,8,36,2,2,1,0,0,3025.21,0,0,0,0,0,0,0,0,0,0,0,0,0,0,0,0,0,0,0,0,0,0,0,0,0,4.1692,89.12144588,82.87855412,21,3/29/2013 23:06,March,3
170,13,A quatt e spad ncopp o liett ell'Hotel Airone,Tuscany,via Giovan Battista Vico 142,2/21/2013 22:06,5,219,0,0,229,110984,3,4.5,1,4.16,0.0684,5.22,199,0,12994,8,36,2,2,1,0,0,3025.82,0,0,0,0,0,0,0,0,0,0,0,0,0,0,0,0,0,0,0,0,0,0,0,0,0,4.2284,184.9341841,14.06581593,22,3/29/2013 23:06,March,3
171,13,Hotel Sas Capo Sud,Tuscany,Viale Roma,2/21/2013 22:06,5,219,0,0,229,117672,3,4.5,0,3.04,0.178,5.24,241,0,12994,8,36,2,2,1,0,0,3024.36,0,0,0,0,0,0,0,0,0,0,0,0,0,0,0,0,0,0,0,0,0,0,0,0,0,3.218,188.6701024,52.32989759,23,3/29/2013 23:06,March,3
172,13,Villaggio La Valdana,Tuscany,Viale Bernardini,2/21/2013 22:06,5,219,0,0,229,87571,2,4.5,1,4.17,0.1314,5.57,292,0,12994,8,36,2,2,1,0,0,3025.16,0,0,0,0,0,0,0,0,0,0,0,0,0,1,0,12,0,0,0,0,0,0,0,0,0,4.3014,262.4340992,29.56590076,24,3/29/2013 23:06,March,3
173,13,Hotel Villa Ottone,Tuscany,Piazza Giosu?? Carducci,2/21/2013 22:06,5,219,0,0,229,137501,2,4.5,0,3,0.051,5.03,375,0,12994,8,36,2,2,1,0,0,3026.49,0,0,0,0,0,0,0,0,0,0,0,0,0,0,0,0,0,0,0,0,0,0,0,0,0,3.051,152.9330127,222.0669873,25,3/29/2013 23:06,March,3
174,13,Il Doge,Tuscany,Via Duca della Vittoria 129,2/21/2013 22:06,5,219,0,0,229,11487,2,0,0,0,0,0,425,0,12994,8,36,2,2,1,0,0,3023.55,0,0,0,0,0,0,0,0,0,0,0,0,0,0,0,0,0,0,0,0,0,0,0,0,0,0,1,424,26,3/29/2013 23:06,March,3
175,14,Sun And Sands Hotel Dubai,Dubai,Oud Metha Road,5/31/2013 11:31,5,219,0,0,219,43752,4.5,0,0,0,0,4.76,37,0,6342,1,1,2,0,1,1,0,461.47,0,0,0,0,1,0,22,1,0,34,0,0,0,0,0,0,0,0,0,0,0,0,1,0,22,0,116.7459259,-79.7459259,1,6/1/2013 11:31,June,6
176,14,Qamardeen Hotel,Dubai,Discovery Garden Off Sheikh Zayed Road,5/31/2013 11:31,5,219,0,0,219,21349,4.5,3.5,0,2.08,0,3.74,39,0,6342,1,1,2,0,1,1,0,430.07,0,0,0,0,1,0,25,0,0,0,0,0,0,0,0,0,0,0,0,0,0,0,0,0,0,2.08,42.09799016,-3.097990165,2,6/1/2013 11:31,June,6
177,14,Villa Artemis Hotel Dubai,Dubai,Al Barsha 1,5/31/2013 11:31,5,219,0,0,219,119651,4,0,0,0,0,4.51,44,0,6342,1,1,2,0,1,1,0,444.24,0,0,0,0,1,0,13,0,0,0,0,0,0,0,0,0,0,0,0,0,0,0,1,0,12,0,90.92181851,-46.92181851,3,6/1/2013 11:31,June,6
178,14,Villa Athena Hotel Dubai,Dubai,PO Box 62556,5/31/2013 11:31,5,219,0,0,219,42707,4,4,1,0.69,0,3.72,50,0,6342,1,1,2,0,1,1,0,452.36,0,0,0,0,0,0,0,0,-1,0,0,0,0,0,0,0,0,0,0,0,0,0,0,-1,0,0.69,41.26439411,8.735605891,4,6/1/2013 11:31,June,6
179,14,Villa Nafsika Hotel Dubai,Dubai,Damascus Street,5/31/2013 11:31,5,219,0,0,219,18886,4,3,1,1.1,0,4.13,51,0,6342,1,1,2,0,1,1,0,443.15,0,0,0,0,0,0,0,0,0,0,0,0,0,0,0,0,0,0,0,0,0,0,0,0,0,1.1,62.17792293,-11.17792293,5,6/1/2013 11:31,June,6
180,14,Villa Sofia Hotel Dubai,Dubai,Al Sofouh Road,5/31/2013 11:31,5,219,0,0,219,109166,3.5,2.5,1,1.61,0.8182,4.18,55,0,6342,1,1,2,0,1,1,0,441.35,0,0,0,0,0,0,0,0,0,0,0,0,0,0,0,0,0,0,0,0,0,0,0,0,0,2.4282,65.36585321,-10.36585321,6,6/1/2013 11:31,June,6
181,14,Villa Venus Hotel Dubai,Dubai,Behind Mall of Emirates,5/31/2013 11:31,5,219,0,0,219,87500,3.5,4,1,0,0,4.13,60,0,6342,1,1,2,0,1,1,0,430.53,0,0,0,0,0,1,0,0,0,0,0,0,0,0,0,0,0,0,0,0,0,0,0,1,0,0,62.17792293,-2.177922935,7,6/1/2013 11:31,June,6
182,14,Seven Sands Hotel Apartments Dubai,Dubai,Burj Khalifa,5/31/2013 11:31,5,219,0,0,219,72867,3.5,3.5,1,0.69,0,0,69,0,6342,1,1,2,0,1,1,0,456.04,0,0,0,0,-1,0,34,0,0,0,0,0,0,0,0,0,0,0,0,0,0,0,-1,0,42,0.69,1,68,8,6/1/2013 11:31,June,6
183,14,Dunes Hotel Apartments Barsha Dubai,Dubai,PO Box 1590,5/31/2013 11:31,5,219,0,0,219,32027,2,0,0,0,0,4.63,84,0,6342,1,1,2,0,1,1,0,452.3,0,0,0,0,0,0,0,0,0,0,0,0,0,0,0,0,0,0,0,0,0,0,-1,0,6,0,102.5140641,-18.51406411,9,6/1/2013 11:31,June,6
184,14,Emerald Hotel Apartments Dubai,Dubai,Sheikh Zayed Road,5/31/2013 11:31,5,219,0,0,219,135550,2,4,1,1.1,0,4.13,85,0,6342,1,1,2,0,1,1,0,443.07,0,0,0,0,0,0,0,0,0,0,0,0,0,0,0,0,0,0,0,0,0,0,0,0,0,1.1,62.17792293,22.82207707,10,6/1/2013 11:31,June,6
185,15,Best Western Premier Hotel Pergolese,Paris,8 rue de Verneuil,11/12/2012 22:01,22,216,0,0,205,92100,4,4,1,4.06,0.5799,5.36,173.45,1,27761,4,39,2,0,1,1,0,0,1,0,0,0,0,0,0,0,0,0,0,0,0,0,0,0,0,0,0,0,0,0,0,0,0,4.6399,212.7249464,-39.27494645,1,12/21/2012 22:01,December,12
186,15,Adagio Bercy Aparthotel,Paris,1 boulevard Ornano,11/12/2012 22:01,22,216,0,0,205,93035,4,3.5,0,3.97,0,5.29,194.34,1,27761,4,39,2,0,1,1,0,0,1,0,0,0,0,0,0,-1,0,6,0,0,0,0,0,0,0,0,0,0,0,0,0,0,0,3.97,198.3434254,-4.003425409,2,12/21/2012 22:01,December,12
187,15,InterContinental,Paris,35 rue de Berri,11/12/2012 22:01,22,216,0,0,205,58600,4,4,0,4.06,0.5657,5.44,200.46,0,27761,4,39,2,0,1,1,0,0,1,0,0,0,0,0,0,0,0,0,0,0,0,0,0,0,0,0,0,0,0,0,0,0,0,4.6257,230.4421835,-29.98218346,3,12/21/2012 22:01,December,12
188,15,Hotel Cervantes 3*,Paris,36 rue Pierre Demours,11/12/2012 22:01,22,216,0,0,205,130646,4,0,0,4.06,0.6672,5.38,203.04,1,27761,4,39,2,0,1,1,0,0,1,0,0,0,0,0,0,0,0,0,0,0,0,0,0,0,0,0,0,0,0,0,0,0,0,4.7272,217.0222754,-13.98227542,4,12/21/2012 22:01,December,12
189,15,Hotel Mercure,Paris,108 Rue Monge,11/12/2012 22:01,22,216,0,0,205,22312,4,4.5,0,3.64,0,5.39,203.68,1,27761,4,39,2,0,1,1,0,0,1,0,0,0,1,0,16,0,0,0,0,0,0,0,0,0,0,0,0,0,0,0,0,0,0,3.64,219.2033856,-15.52338555,5,12/21/2012 22:01,December,12
190,15,Quality hotel,Paris,15 rue de constantinople,11/12/2012 22:01,22,216,0,0,205,34026,4,4,0,4.01,0.4858,5.29,208.67,0,27761,4,39,2,0,1,1,0,0,1,0,0,0,0,0,0,0,0,0,0,0,0,0,0,0,0,0,0,0,0,0,0,0,0,4.4958,198.3434254,10.32657459,6,12/21/2012 22:01,December,12
191,15,Hotel De Belfort Paris,Paris,143 Avenue Malakoff,11/12/2012 22:01,22,216,0,0,205,40209,4,4,1,4.06,0.6518,5.7,216.57,0,27761,4,39,2,0,1,1,0,0,1,0,0,0,0,0,0,0,0,32,0,0,0,0,0,0,0,0,0,0,0,0,0,0,0,4.7118,298.867401,-82.29740097,7,12/21/2012 22:01,December,12
192,15,Timhotel,Paris,25,11/12/2012 22:01,22,216,0,0,205,59854,4,4,0,3.58,0,5.23,225.95,1,27761,4,39,2,0,1,1,0,0,1,0,0,0,-1,0,10,1,0,5,-1,0,11,0,0,0,0,0,0,0,0,0,0,0,0,3.58,186.7928035,39.15719648,8,12/21/2012 22:01,December,12
193,15,Holiday Inn,Paris,92 rue de Vaugirard,11/12/2012 22:01,22,216,0,0,205,9027,4,4,0,4.06,0.6528,5.43,226.24,1,27761,4,39,2,0,1,1,0,0,1,0,0,0,0,0,0,0,0,0,0,0,0,0,0,0,0,0,0,0,0,0,0,0,0,4.7128,228.1492454,-1.909245424,9,12/21/2012 22:01,December,12
194,15,Chateau De Courtalain,Paris,4,11/12/2012 22:01,22,216,0,0,205,13158,4,3.5,1,3.95,0,5.57,233.49,1,27761,4,39,2,0,1,1,0,0,1,0,0,0,0,0,0,0,0,0,0,0,0,0,0,0,0,0,0,0,0,0,0,0,0,3.95,262.4340992,-28.94409924,10,12/21/2012 22:01,December,12
195,15,Comfort Hotel,Paris,14 Rue Alexandre Dumas,11/12/2012 22:01,22,216,0,0,205,19675,4,4.5,0,3.93,0,5.67,246.62,1,27761,4,39,2,0,1,1,0,0,1,0,0,0,0,0,0,1,0,11,0,0,0,0,0,0,0,0,0,0,0,0,0,0,0,3.93,290.0345344,-43.41453439,11,12/21/2012 22:01,December,12
196,15,Ibis Styles,Paris,10 Rue de Stockholm,11/12/2012 22:01,22,216,0,0,205,118564,4,4,0,3.95,0,5.56,270.07,0,27761,4,39,2,0,1,1,0,0,1,0,0,0,0,0,0,0,0,0,0,0,0,0,0,0,0,0,0,0,0,0,0,0,0,3.95,259.8228363,10.24716368,12,12/21/2012 22:01,December,12
197,15,Hotel De Nanteuil,Paris,Avenue des Gobelins 50,11/12/2012 22:01,22,216,0,0,205,134406,5,4.5,1,4.16,0.5114,6.07,273.94,0,27761,4,39,2,0,1,1,0,0,1,0,0,0,0,0,0,1,0,5,0,0,0,0,0,0,0,0,0,0,0,0,0,0,0,4.6714,432.6806816,-158.7406816,13,12/21/2012 22:01,December,12
198,15,Etap Hotel Porte D' Orleans,Paris,Porte De Versailles Vaugirard,11/12/2012 22:01,22,216,0,0,205,56431,4,4.5,1,4.03,0,5.84,281.03,0,27761,4,39,2,0,1,1,0,0,1,0,0,0,0,0,0,0,0,0,0,0,0,0,0,0,0,0,0,0,0,0,0,0,0,4.03,343.7793407,-62.74934066,14,12/21/2012 22:01,December,12
199,15,Timhotel,Paris,185 boulevard brune,11/12/2012 22:01,22,216,0,0,205,100304,5,4.5,1,4.06,0,5.86,346.45,0,27761,4,39,2,0,1,1,0,0,1,0,0,0,0,0,0,0,0,0,0,0,0,0,0,0,0,0,0,0,0,0,0,0,0,4.06,350.724144,-4.27414402,15,12/21/2012 22:01,December,12
200,15,Hotel Louvre-Rivoli,Paris,37 Rue Servan,11/12/2012 22:01,22,216,0,0,205,96284,4,4.5,0,3.97,0,5.46,371.27,1,27761,4,39,2,0,1,1,0,0,1,0,0,0,0,0,0,0,0,0,0,0,0,0,0,0,0,0,0,0,0,0,0,0,0,3.97,235.0974244,136.1725756,16,12/21/2012 22:01,December,12
201,16,Ibis Hotel,London,165 Preston Hill,3/16/2013 14:31,31,219,0,0,219,30299,5,2.5,1,2.2,0.0602,4.41,76,1,23047,1,53,2,1,1,0,0,1598.53,0,0,0,0,-1,0,4,0,0,0,0,0,0,0,0,0,0,0,0,0,0,0,0,0,0,2.2602,82.2694635,-6.269463504,1,5/8/2013 14:31,May,5
202,16,Novotel,London,159 Tower Bridge Rd.,3/16/2013 14:31,31,219,0,0,219,70066,5,4,1,2.08,0.0857,4.67,76,1,23047,1,53,2,1,1,0,0,1598.3,0,0,0,0,0,0,0,0,0,0,0,0,0,0,0,0,0,0,0,0,0,0,0,0,0,2.1657,106.6977424,-30.69774243,2,5/8/2013 14:31,May,5
203,16,Travel Inn,London,45-81 Buckingham Gate,3/16/2013 14:31,31,219,0,0,219,12481,4,0,0,2.94,0,4.55,80,0,23047,1,53,2,1,1,0,0,1574.69,0,0,0,0,0,0,0,0,0,0,0,0,0,0,0,0,0,0,0,0,0,0,0,0,0,2.94,94.63240831,-14.63240831,3,5/8/2013 14:31,May,5
204,16,Ibis Hotel,London,118 Westminster Bridge Rd.,3/16/2013 14:31,31,219,0,0,219,27281,4,2.5,1,2.89,0.1266,4.65,84,1,23047,1,53,2,1,1,0,0,1574.59,0,0,0,0,0,0,0,0,0,0,0,0,0,1,0,17,0,0,0,0,0,0,0,0,0,3.0166,104.5849856,-20.58498558,4,5/8/2013 14:31,May,5
205,16,Novotel,London,Staines Road 215-223,3/16/2013 14:31,31,219,0,0,219,80964,3.5,3.5,0,3.04,0.0552,4.42,84,0,23047,1,53,2,1,1,0,0,1574.31,0,0,0,0,0,0,0,0,0,0,0,0,0,0,0,0,0,0,0,0,0,0,0,0,0,3.0952,83.09628536,0.903714642,5,5/8/2013 14:31,May,5
206,16,Mandarin Oriental,London,Cross Deep Richmond Greater London TW1 4 UK,3/16/2013 14:31,31,219,0,0,219,50355,3.5,3.5,1,2.4,0.1773,4.66,99,1,23047,1,53,2,1,1,0,0,1574.87,0,0,0,0,0,0,0,0,0,0,0,0,0,1,0,41,0,0,0,0,0,0,0,0,0,2.5773,105.6360822,-6.636082157,6,5/8/2013 14:31,May,5
207,16,Norfolk Plaza Hotel,London,31 Shepherds Bush Road,3/16/2013 14:31,31,219,0,0,219,22150,3.5,4,1,2.2,0.0659,4.98,109,0,23047,1,53,2,1,1,0,0,1598.68,0,0,0,0,0,0,0,0,0,0,0,0,0,0,0,0,0,0,0,0,0,0,0,0,0,2.2659,145.4743817,-36.47438165,7,5/8/2013 14:31,May,5
208,16,The Blakemore Hotel,London,Bath Rd Greater London UK,3/16/2013 14:31,31,219,0,0,219,128496,3,4,0,2.89,0.1313,4.81,110,0,23047,1,53,2,1,1,0,0,1574.76,0,0,0,0,0,0,0,0,0,0,0,0,0,0,0,0,0,0,0,0,0,0,0,0,0,3.0213,122.7316175,-12.73161752,8,5/8/2013 14:31,May,5
209,16,Kensington Rooms,London,57-59 Welbeck St,3/16/2013 14:31,31,219,0,0,219,4099,3,3.5,1,3,0.0996,4.79,117,1,23047,1,53,2,1,1,0,0,1574.64,0,0,0,0,0,0,0,0,0,0,0,0,0,0,0,0,0,0,0,0,0,0,0,0,0,3.0996,120.3013687,-3.301368663,9,5/8/2013 14:31,May,5
210,16,The Bingham Hotel on Thames,London,128 Holland Rd.,3/16/2013 14:31,31,219,0,0,219,5604,3,3.5,1,2.48,0.0758,4.83,119,0,23047,1,53,2,1,1,0,0,1574.59,0,0,0,0,1,0,12,0,0,0,0,0,0,0,0,0,0,0,0,0,0,0,0,0,0,2.5558,125.2109607,-6.210960655,10,5/8/2013 14:31,May,5
211,16,Marble Arch Inn,London,Bath Rd Hounslow Greater London TW5 9 UK,3/16/2013 14:31,31,219,0,0,219,133869,3,4,1,2.64,0.1429,5.11,134,1,23047,1,53,2,1,1,0,0,1574.71,0,0,0,0,1,0,13,0,0,0,0,0,0,1,0,13,0,0,0,0,0,0,0,0,0,2.7829,165.6703549,-31.67035487,11,5/8/2013 14:31,May,5
212,16,Vito's,London,Broom Rd Richmond Greater London TW11 9 UK,3/16/2013 14:31,31,219,0,0,219,54602,3,3.5,1,3.04,0.1333,4.81,144,0,23047,1,53,2,1,1,0,0,1574.71,0,0,0,0,1,0,13,1,0,13,0,0,0,0,0,0,0,0,0,0,0,0,0,0,0,3.1733,122.7316175,21.26838248,12,5/8/2013 14:31,May,5
213,16,80 Rennets Wood Road,London,Cross Deep Richmond Greater London TW1 4 UK,3/16/2013 14:31,31,219,0,0,219,62143,3,4,1,3.04,0.1311,4.74,144,1,23047,1,53,2,1,1,0,0,1574.73,0,0,0,0,-1,0,6,-1,0,6,0,0,0,1,0,14,0,0,0,0,0,0,0,0,0,3.1711,114.4342017,29.56579832,13,5/8/2013 14:31,May,5
214,16,Ibis Hotel,London,M4 Motorway Westbound J2/3 PHOENIX WAY,3/16/2013 14:31,31,219,0,0,219,97501,2,4,1,2.71,0.1462,4.97,149,0,23047,1,53,2,1,1,0,0,1574.74,0,0,0,0,1,0,13,1,0,13,0,0,0,0,0,0,0,0,0,0,0,0,0,0,0,2.8562,144.0268874,4.973112629,14,5/8/2013 14:31,May,5
215,16,The Rockwell,London,St Edwards Way,3/16/2013 14:31,31,219,0,0,219,42951,2,4,1,1.61,0.0775,5.26,172,0,23047,1,53,2,1,1,0,0,1575.31,0,0,0,0,0,0,0,0,0,0,0,0,0,0,0,0,0,0,0,0,0,0,0,0,0,1.6875,192.4814913,-20.4814913,15,5/8/2013 14:31,May,5
216,16,myhotel,London,Albert Embankment,3/16/2013 14:31,31,219,0,0,219,115332,2,4.5,1,2.83,0.1236,5.19,189,0,23047,1,53,2,1,1,0,0,1574.59,0,0,0,0,0,0,0,0,0,0,0,0,0,0,0,0,0,0,0,0,0,0,0,0,0,2.9536,179.4685529,9.531447068,16,5/8/2013 14:31,May,5
217,16,Novotel,London,140 Coldharbour Ln,3/16/2013 14:31,31,219,0,0,219,132271,2,0,1,0,0.0036,4.67,399,0,23047,1,53,2,1,1,0,0,1543.02,0,0,0,0,0,0,0,0,0,0,0,0,0,0,0,0,0,0,0,0,0,0,0,0,0,0.0036,106.6977424,292.3022576,17,5/8/2013 14:31,May,5
218,16,Ibis Hotel,London,Clements Rd.,3/16/2013 14:31,31,219,0,0,219,108507,2,4.5,0,0,0,4.82,512,0,23047,1,53,2,1,1,0,0,1564.53,0,0,0,0,0,0,0,0,0,0,0,0,0,0,0,0,0,0,0,0,0,0,0,0,0,0,123.9650908,388.0349092,18,5/8/2013 14:31,May,5
219,18,Hotel Zarenhof Berlin-Mitte,Berlin,Rosa-Luxemburg-Str. 9-13,4/28/2013 19:26,5,219,0,0,219,63045,4.5,3.5,1,3.71,0.0348,4.56,42,0,18547,7,7,2,4,1,0,0,1130.21,0,0,0,0,0,0,0,0,0,0,0,0,0,0,0,0,0,0,0,0,0,0,0,0,0,3.7448,95.58347983,-53.58347983,1,5/5/2013 19:26,May,5
220,18,Best Western Hotel President Berlin,Berlin,Friedrichstra??e 96,4/28/2013 19:26,5,219,0,0,219,135393,4,3.5,1,4.2,0.0284,4.23,60,0,18547,7,7,2,4,1,0,0,1129.57,0,0,0,0,0,0,0,0,0,0,0,0,0,0,0,0,0,0,0,0,0,0,0,0,0,4.2284,68.71723217,-8.717232174,2,5/5/2013 19:26,May,5
221,18,Motel Avus,Berlin,Mexikoplatz,4/28/2013 19:26,5,219,0,0,219,119207,4,3.5,0,3.04,0.0613,4.76,61,1,18547,7,7,2,4,1,0,0,1130.75,0,0,0,0,0,0,0,0,0,0,0,0,0,0,0,0,0,0,0,0,0,0,0,0,0,3.1013,116.7459259,-55.7459259,3,5/5/2013 19:26,May,5
222,18,Hotel Astoria,Berlin,Marzahner Promenade 55,4/28/2013 19:26,5,219,0,0,219,127297,4,4,0,4.01,0.0523,4.85,65,1,18547,7,7,2,4,1,0,0,1130.17,0,0,0,0,0,0,0,0,0,0,0,0,0,0,0,0,0,0,0,0,0,0,0,0,0,4.0623,127.7403898,-62.74038985,4,5/5/2013 19:26,May,5
223,18,Hotel Wittelsbach,Berlin,Lehrter Str. 68,4/28/2013 19:26,5,219,0,0,219,28427,3.5,3.5,1,3,0.0043,4.38,70,0,18547,7,7,2,4,1,0,0,1129.73,0,0,0,0,0,0,0,0,0,0,0,0,0,0,0,0,0,0,0,0,0,0,0,0,0,3.0043,79.83803341,-9.838033405,5,5/5/2013 19:26,May,5
224,18,Hotel Greifswald,Berlin,Schwedter Str. 15,4/28/2013 19:26,5,219,0,0,219,139976,3.5,4,0,3.04,0.0253,4.71,71,1,18547,7,7,2,4,1,0,0,1131.15,0,0,0,0,0,0,0,0,0,0,0,0,0,-1,-1,7,0,0,0,0,0,0,0,-1,7,3.0653,111.0521599,-40.05215991,6,5/5/2013 19:26,May,5
225,18,Hotel Christophorus-Haus,Berlin,Mandala Hotel,4/28/2013 19:26,5,219,0,0,219,123051,3.5,4,0,3.22,0.0558,4.73,74,1,18547,7,7,2,4,1,0,0,1130.25,0,0,0,0,0,0,0,0,0,0,0,0,0,0,0,0,0,0,0,0,0,0,0,0,0,3.2758,113.2955623,-39.29556235,7,5/5/2013 19:26,May,5
226,18,Hotel Helle Mitte im Atrium,Berlin,Marlene-Dietrich-Platz 2,4/28/2013 19:26,5,219,0,0,219,75125,3.5,3.5,0,3.14,0.0865,4.41,76,1,18547,7,7,2,4,1,0,0,1130.58,0,0,0,0,0,0,0,0,0,0,0,0,0,0,0,8,0,0,0,0,0,0,0,0,0,3.2265,82.2694635,-6.269463504,8,5/5/2013 19:26,May,5
227,18,Hotel California,Berlin,Koenigstrasse 3b / 4,4/28/2013 19:26,5,219,0,0,219,131363,3,4.5,1,3.93,0.037,5.05,78,1,18547,7,7,2,4,1,0,0,1129.78,0,0,0,0,0,0,0,0,0,0,0,0,0,0,0,39,0,0,0,0,0,0,0,0,0,3.967,156.0224645,-78.02246449,9,5/5/2013 19:26,May,5
228,18,Lux Eleven,Berlin,Konigin-Elisabeth-Strasse 47a,4/28/2013 19:26,5,219,0,0,219,86606,3,3.5,0,4.03,0.0558,4.79,79,1,18547,7,7,2,4,1,0,0,1130.11,0,0,0,0,0,0,35,0,0,35,0,0,0,-1,0,14,0,0,0,0,0,0,-1,0,14,4.0858,120.3013687,-41.30136866,10,5/5/2013 19:26,May,5
229,18,NH Hotel,Berlin,Bismarckallee 46/48,4/28/2013 19:26,5,219,0,0,219,88226,3,3.5,1,2.71,0.0576,4.7,79,1,18547,7,7,2,4,1,0,0,1130.91,0,0,0,0,0,0,0,0,0,0,0,0,0,1,0,11,0,0,0,0,0,0,1,0,11,2.7676,109.9471725,-30.94717245,11,5/5/2013 19:26,May,5
230,18,Holiday Inn,Berlin,Frstenwalder Damm 880,4/28/2013 19:26,5,219,0,0,219,65704,3,4,1,3.33,0.0391,5.25,83,0,18547,7,7,2,4,1,0,0,1132.51,0,0,0,0,0,0,0,0,0,0,0,0,0,0,0,0,0,0,0,0,0,0,0,0,0,3.3691,190.5662685,-107.5662685,12,5/5/2013 19:26,May,5
231,18,Winters Hotel,Berlin,Oranienburger Chaussee 45,4/28/2013 19:26,5,219,0,0,219,6656,3,5,0,3.37,0.005,5.25,88,1,18547,7,7,2,4,1,0,0,1133.67,0,0,0,0,0,0,0,0,0,0,0,0,0,0,0,0,0,0,0,0,0,0,0,0,0,3.375,190.5662685,-102.5662685,13,5/5/2013 19:26,May,5
232,18,Hotel Casa,Berlin,Gervinusstr. 24,4/28/2013 19:26,5,219,0,0,219,122749,4,4.5,0,3.09,0.0519,4.93,89,1,18547,7,7,2,4,1,0,0,1134.23,0,0,0,0,0,0,10,0,0,10,0,0,0,0,0,7,0,0,0,0,0,0,0,1,12,3.1419,138.3795123,-49.37951234,14,5/5/2013 19:26,May,5
233,18,Adagio City Aparthotel,Berlin,Prinzen Allee 81,4/28/2013 19:26,5,219,0,0,219,59565,3,4.5,1,3.09,0.0661,4.89,90,0,18547,7,7,2,4,1,0,0,1130.85,0,0,0,0,0,0,0,0,0,0,0,0,0,0,0,0,0,0,0,0,0,0,0,0,0,3.1561,132.9535741,-42.95357405,15,5/5/2013 19:26,May,5
234,18,Executive Lounge at Berlin Marriott Hotel,Berlin,Greifenhagener str. 64,4/28/2013 19:26,5,219,0,0,219,15634,3,3.5,1,3.71,0.0836,4.96,91,0,18547,7,7,2,4,1,0,0,1132.66,0,0,0,0,0,0,0,0,0,0,0,0,0,0,0,0,0,0,0,0,0,0,0,0,0,3.7936,142.5937959,-51.5937959,16,5/5/2013 19:26,May,5
235,18,Hotel Jurine,Berlin,Alexanderplatz 7,4/28/2013 19:26,5,219,0,0,219,111775,3,4.5,0,3.33,0.0123,5.07,93,0,18547,7,7,2,4,1,0,0,1130.19,0,0,0,0,0,0,0,0,0,0,0,0,0,0,0,0,0,0,0,0,0,0,0,0,0,3.3423,159.1743273,-66.17432734,17,5/5/2013 19:26,May,5
236,18,Best Western Leonardo Hotel,Berlin,Joachimstaler Str. 28-29,4/28/2013 19:26,5,219,0,0,219,52622,3,4,1,3.33,0.0513,5.21,94,0,18547,7,7,2,4,1,0,0,1130.81,0,0,0,0,0,0,0,0,0,0,0,0,0,0,0,0,0,0,0,0,0,0,0,0,0,3.3813,183.0940582,-89.09405819,18,5/5/2013 19:26,May,5
237,18,East-Side Hotel,Berlin,Humboldstrasse,4/28/2013 19:26,5,219,0,0,219,52135,3,4,0,3.85,0.0029,4.84,99,1,18547,7,7,2,4,1,0,0,1130.49,0,0,0,0,0,0,0,0,0,0,0,0,0,0,0,0,0,0,0,0,0,0,0,0,0,3.8529,126.4693517,-27.46935173,19,5/5/2013 19:26,May,5
238,18,Goethe 87,Berlin,Franklinstrasse,4/28/2013 19:26,5,219,0,0,219,76770,3,4.5,0,3.83,0.0945,5.02,104,1,18547,7,7,2,4,1,0,0,1132.79,0,0,0,0,0,0,0,0,0,0,0,0,0,0,0,0,0,0,0,0,0,0,0,0,0,3.9245,151.4113038,-47.41130379,20,5/5/2013 19:26,May,5
239,18,ECONTEL HOTEL,Berlin,Rheinbabenallee,4/28/2013 19:26,5,219,0,0,219,121238,2,4.5,1,4.03,0.0058,5.08,108,1,18547,7,7,2,4,1,0,0,1129.65,0,0,0,0,0,0,0,0,0,0,0,0,0,0,0,0,0,0,0,0,0,0,0,0,0,4.0358,160.7740559,-52.77405593,21,5/5/2013 19:26,May,5
240,18,Hotel Domus,Berlin,Wulfsheinstrasse,4/28/2013 19:26,5,219,0,0,219,34066,2,4,1,3.56,0.0275,4.92,111,1,18547,7,7,2,4,1,0,0,1133.87,0,0,0,0,1,0,16,0,0,0,0,0,0,0,0,0,0,0,0,0,0,0,0,0,0,3.5875,137.0026132,-26.00261319,22,5/5/2013 19:26,May,5
241,18,Adina Apartment Hotel,Berlin,Kreuzbergstrasse,4/28/2013 19:26,5,219,0,0,219,11521,2,4,0,3.95,0.0481,4.78,113,0,18547,7,7,2,4,1,0,0,1130.22,0,0,0,0,0,0,0,0,0,0,0,0,0,0,0,0,0,0,0,0,0,0,0,0,0,3.9981,119.10435,-6.104350045,23,5/5/2013 19:26,May,5
242,18,Winter's Hotel,Berlin,Oudenarderstrasse,4/28/2013 19:26,5,219,0,0,219,67308,2,4.5,0,3.04,0.0497,4.78,113,1,18547,7,7,2,4,1,0,0,1130.97,0,0,0,0,-1,0,6,0,0,0,0,0,0,-1,0,6,0,0,0,0,0,0,0,0,0,3.0897,119.10435,-6.104350045,24,5/5/2013 19:26,May,5
243,18,Hotel Villa Karlshorst Berlin,Berlin,Murellenweg,4/28/2013 19:26,5,219,0,0,219,120824,2,4,0,4.06,0.0546,5.55,118,1,18547,7,7,2,4,1,0,0,1129.93,0,0,0,0,0,0,0,0,0,0,0,0,0,0,0,0,0,0,0,0,0,0,0,0,0,4.1146,257.2375559,-139.2375559,25,5/5/2013 19:26,May,5
244,18,Quality Hotel Berlin Tegel,Berlin,Silbersteinstrasse,4/28/2013 19:26,5,219,0,0,219,35158,2,4.5,0,2.77,0.0628,4.97,127,1,18547,7,7,2,4,1,0,0,1131,0,0,0,0,0,0,0,0,0,0,0,0,0,0,0,0,0,0,0,0,0,0,0,0,0,2.8328,144.0268874,-17.02688737,26,5/5/2013 19:26,May,5
245,18,Carat Hotel Berlin,Berlin,Handjerystrasse,4/28/2013 19:26,5,219,0,0,219,126465,2,4,1,3.04,0.0415,5.25,129,0,18547,7,7,2,4,1,0,0,1132.95,0,0,0,0,0,0,0,0,0,9,0,0,0,0,0,0,0,0,0,0,0,0,0,0,7,3.0815,190.5662685,-61.56626846,27,5/5/2013 19:26,May,5
246,18,Ackselhaus & Blue Home,Berlin,Nordbahnstr.,4/28/2013 19:26,5,219,0,0,219,121362,2,4,0,3.37,0.0042,4.78,137,1,18547,7,7,2,4,1,0,0,1133.52,0,0,0,0,0,0,0,0,0,0,0,0,0,0,0,0,0,0,0,0,0,0,0,0,0,3.3742,119.10435,17.89564996,28,5/5/2013 19:26,May,5
247,18,Hotel Fortuna,Berlin,Liselotte-Herrmann-Strasse,4/28/2013 19:26,5,219,0,0,219,35114,2,4.5,0,3.4,0,4.78,148,1,18547,7,7,2,4,1,0,0,1133.48,0,0,0,0,0,0,0,0,0,0,0,0,0,0,0,0,0,0,0,0,0,0,0,0,0,3.4,119.10435,28.89564996,29,5/5/2013 19:26,May,5
248,18,Quality Hotel & Suites Wilhelmsberg,Berlin,Beckerstrasse,4/28/2013 19:26,5,219,0,0,219,22431,2,4,1,4.38,0.0153,5.11,149,1,18547,7,7,2,4,1,0,0,1133.28,0,0,0,0,0,0,24,0,0,25,0,0,0,0,0,25,0,0,0,0,0,0,0,0,25,4.3953,165.6703549,-16.67035487,30,5/5/2013 19:26,May,5
249,18,Aparotel Hotel Berlin,Berlin,Streustrasse,4/28/2013 19:26,5,219,0,0,219,101743,2,4,1,4.23,0.0394,5.11,157,1,18547,7,7,2,4,1,0,0,1133.15,0,0,0,0,0,0,0,0,0,7,0,0,0,0,0,31,0,0,0,0,0,0,0,0,0,4.2694,165.6703549,-8.670354874,31,5/5/2013 19:26,May,5
250,18,Hotel Wannseeblick,Berlin,Hauptstr. 167,4/28/2013 19:26,5,219,0,0,219,109793,2,4,1,3.69,0.1128,4.8,157,1,18547,7,7,2,4,1,0,0,1132.73,0,0,0,0,0,0,32,0,0,32,0,0,0,0,0,32,0,0,0,0,0,0,0,0,32,3.8028,121.5104175,35.48958248,32,5/5/2013 19:26,May,5
251,18,Arizona Hotel Berlin,Berlin,Saatwinkler Damm 48,4/28/2013 19:26,5,219,0,0,219,113106,2,4,0,4.16,0.0533,5.11,158,1,18547,7,7,2,4,1,0,0,1129.98,0,0,0,0,0,0,0,0,0,0,0,0,0,0,0,24,0,0,0,0,0,0,0,0,24,4.2133,165.6703549,-7.670354874,33,5/5/2013 19:26,May,5
